-- phpMyAdmin SQL Dump
-- version 4.9.1
-- https://www.phpmyadmin.net/
--
-- Servidor: 127.0.0.1
-- Tiempo de generación: 02-05-2020 a las 12:53:46
-- Versión del servidor: 10.4.8-MariaDB
-- Versión de PHP: 7.1.33

SET SQL_MODE = "NO_AUTO_VALUE_ON_ZERO";
SET AUTOCOMMIT = 0;
START TRANSACTION;
SET time_zone = "+00:00";


/*!40101 SET @OLD_CHARACTER_SET_CLIENT=@@CHARACTER_SET_CLIENT */;
/*!40101 SET @OLD_CHARACTER_SET_RESULTS=@@CHARACTER_SET_RESULTS */;
/*!40101 SET @OLD_COLLATION_CONNECTION=@@COLLATION_CONNECTION */;
/*!40101 SET NAMES utf8mb4 */;

--
-- Base de datos: `registrojornada`
--
USE `registrojornada`;
--
-- Volcado de datos para la tabla `empresa`
--

INSERT INTO `empresa` (`idEMPRESA`, `nombre`, `cif`) VALUES
(1, 'ACME SA2', 'A11545252'),
(2, 'UMBRELLA', 'B11545252'),
(3, 'dia', 'a11452525'),
(4, 'majorel', 'b11525252'),
(8, 'Spring SA', 'A115452523');

--
-- Volcado de datos para la tabla `rol`
--

INSERT INTO `rol` (`idROL`, `ROL`) VALUES
(1, 'ADMIN_ROL'),
(2, 'USER_ROL'),
(3, 'MANAGER_ROL');

--
-- Volcado de datos para la tabla `tipo_marcaje`
--

INSERT INTO `tipo_marcaje` (`idTIPO_MARCAJE`, `tipo`) VALUES
(1, 'EntradaSalida'),
(3, 'PAUSA');

--
-- Volcado de datos para la tabla `turno`
--

INSERT INTO `turno` (`idTURNO`, `turno`) VALUES
(1, 'Mañana'),
(2, 'Tarde'),
(3, 'Partido');

--
-- Volcado de datos para la tabla `usuario`
--

INSERT INTO `usuario` (`idUSUARIO`, `login`, `password`) VALUES
(1, 'admin@test.com', '$2y$10$pABMNfBjGyLqyVPJNIe2muVXyQeJRsNcWzlRgXRhiK55vCOvbVKiK'),
(2, 'jcpena@test.com', '$2y$10$pABMNfBjGyLqyVPJNIe2muVXyQeJRsNcWzlRgXRhiK55vCOvbVKiK'),
(3, 'rfirsby0@furl.net', '$2y$10$pABMNfBjGyLqyVPJNIe2muVXyQeJRsNcWzlRgXRhiK55vCOvbVKiK'),
(4, 'tpoolton1@uol.com.br', '$2y$10$pABMNfBjGyLqyVPJNIe2muVXyQeJRsNcWzlRgXRhiK55vCOvbVKiK'),
(7, 'ayven4@mozilla.com', '$2y$10$pABMNfBjGyLqyVPJNIe2muVXyQeJRsNcWzlRgXRhiK55vCOvbVKiK'),
(8, 'mcuppleditch5@opensource.org', '$2y$10$pABMNfBjGyLqyVPJNIe2muVXyQeJRsNcWzlRgXRhiK55vCOvbVKiK'),
(9, 'lmclukie6@gizmodo.com', '$2y$10$pABMNfBjGyLqyVPJNIe2muVXyQeJRsNcWzlRgXRhiK55vCOvbVKiK'),
(11, 'lreditt8@craigslist.org', '$2y$10$pABMNfBjGyLqyVPJNIe2muVXyQeJRsNcWzlRgXRhiK55vCOvbVKiK'),
(14, 'rbartolinib@netlog.com', '$2y$10$pABMNfBjGyLqyVPJNIe2muVXyQeJRsNcWzlRgXRhiK55vCOvbVKiK'),
(15, 'hdonettc@google.cn', '$2y$10$pABMNfBjGyLqyVPJNIe2muVXyQeJRsNcWzlRgXRhiK55vCOvbVKiK'),
(16, 'ssciussciettod@printfriendly.com', '$2y$10$pABMNfBjGyLqyVPJNIe2muVXyQeJRsNcWzlRgXRhiK55vCOvbVKiK'),
(17, 'klimminge@state.gov', '$2y$10$pABMNfBjGyLqyVPJNIe2muVXyQeJRsNcWzlRgXRhiK55vCOvbVKiK'),
(18, 'lrobynsf@hp.com', '$2y$10$pABMNfBjGyLqyVPJNIe2muVXyQeJRsNcWzlRgXRhiK55vCOvbVKiK'),
(19, 'oyeowellg@smugmug.com', '$2y$10$pABMNfBjGyLqyVPJNIe2muVXyQeJRsNcWzlRgXRhiK55vCOvbVKiK'),
(20, 'ckleinh@japanpost.jp', '$2y$10$pABMNfBjGyLqyVPJNIe2muVXyQeJRsNcWzlRgXRhiK55vCOvbVKiK'),
(21, 'sbielbyi@digg.com', '$2y$10$pABMNfBjGyLqyVPJNIe2muVXyQeJRsNcWzlRgXRhiK55vCOvbVKiK'),
(22, 'swimpressj@loc.gov', '$2y$10$pABMNfBjGyLqyVPJNIe2muVXyQeJRsNcWzlRgXRhiK55vCOvbVKiK'),
(23, 'dubachk@discuz.net', '$2y$10$pABMNfBjGyLqyVPJNIe2muVXyQeJRsNcWzlRgXRhiK55vCOvbVKiK'),
(24, 'pglossupl@mlb.com', '$2y$10$pABMNfBjGyLqyVPJNIe2muVXyQeJRsNcWzlRgXRhiK55vCOvbVKiK'),
(25, 'pogavenm@washington.edu', '$2y$10$pABMNfBjGyLqyVPJNIe2muVXyQeJRsNcWzlRgXRhiK55vCOvbVKiK'),
(26, 'gpavesen@archive.org', '$2y$10$pABMNfBjGyLqyVPJNIe2muVXyQeJRsNcWzlRgXRhiK55vCOvbVKiK'),
(27, 'nmilao@people.com.cn', '$2y$10$pABMNfBjGyLqyVPJNIe2muVXyQeJRsNcWzlRgXRhiK55vCOvbVKiK'),
(28, 'floudianep@networksolutions.com', '$2y$10$pABMNfBjGyLqyVPJNIe2muVXyQeJRsNcWzlRgXRhiK55vCOvbVKiK'),
(29, 'pbennsq@studiopress.com', '$2y$10$pABMNfBjGyLqyVPJNIe2muVXyQeJRsNcWzlRgXRhiK55vCOvbVKiK'),
(30, 'wcorradir@tmall.com', '$2y$10$pABMNfBjGyLqyVPJNIe2muVXyQeJRsNcWzlRgXRhiK55vCOvbVKiK'),
(31, 'fbarries@reuters.com', '$2y$10$pABMNfBjGyLqyVPJNIe2muVXyQeJRsNcWzlRgXRhiK55vCOvbVKiK'),
(32, 'kcisect@discovery.com', '$2y$10$pABMNfBjGyLqyVPJNIe2muVXyQeJRsNcWzlRgXRhiK55vCOvbVKiK'),
(33, 'dgetcliffeu@i2i.jp', '$2y$10$pABMNfBjGyLqyVPJNIe2muVXyQeJRsNcWzlRgXRhiK55vCOvbVKiK'),
(34, 'apepyev@cnn.com', '$2y$10$pABMNfBjGyLqyVPJNIe2muVXyQeJRsNcWzlRgXRhiK55vCOvbVKiK'),
(35, 'dfriedw@123-reg.co.uk', '$2y$10$pABMNfBjGyLqyVPJNIe2muVXyQeJRsNcWzlRgXRhiK55vCOvbVKiK'),
(36, 'grubinowitschx@theguardian.com', '$2y$10$pABMNfBjGyLqyVPJNIe2muVXyQeJRsNcWzlRgXRhiK55vCOvbVKiK'),
(37, 'nbilliey@google.ru', '$2y$10$pABMNfBjGyLqyVPJNIe2muVXyQeJRsNcWzlRgXRhiK55vCOvbVKiK'),
(38, 'mmowlesz@gmpg.org', '$2y$10$pABMNfBjGyLqyVPJNIe2muVXyQeJRsNcWzlRgXRhiK55vCOvbVKiK'),
(39, 'dsmead10@omniture.com', '$2y$10$pABMNfBjGyLqyVPJNIe2muVXyQeJRsNcWzlRgXRhiK55vCOvbVKiK'),
(40, 'eorder11@va.gov', '$2y$10$pABMNfBjGyLqyVPJNIe2muVXyQeJRsNcWzlRgXRhiK55vCOvbVKiK'),
(41, 'cmcauslene12@instagram.com', '$2y$10$pABMNfBjGyLqyVPJNIe2muVXyQeJRsNcWzlRgXRhiK55vCOvbVKiK'),
(42, 'lklima13@apache.org', '$2y$10$pABMNfBjGyLqyVPJNIe2muVXyQeJRsNcWzlRgXRhiK55vCOvbVKiK'),
(43, 'dnorheny14@tinypic.com', '$2y$10$pABMNfBjGyLqyVPJNIe2muVXyQeJRsNcWzlRgXRhiK55vCOvbVKiK'),
(44, 'jscard15@forbes.com', '$2y$10$pABMNfBjGyLqyVPJNIe2muVXyQeJRsNcWzlRgXRhiK55vCOvbVKiK'),
(45, 'lbradbeer16@marriott.com', '$2y$10$pABMNfBjGyLqyVPJNIe2muVXyQeJRsNcWzlRgXRhiK55vCOvbVKiK'),
(46, 'ccasse17@geocities.com', '$2y$10$pABMNfBjGyLqyVPJNIe2muVXyQeJRsNcWzlRgXRhiK55vCOvbVKiK'),
(47, 'sdifranceshci18@purevolume.com', '$2y$10$pABMNfBjGyLqyVPJNIe2muVXyQeJRsNcWzlRgXRhiK55vCOvbVKiK'),
(48, 'prueba@prueba.com', '$2y$10$pABMNfBjGyLqyVPJNIe2muVXyQeJRsNcWzlRgXRhiK55vCOvbVKiK'),
(49, 'nuevo@nuevo.test', '$2y$10$IMA6f3Ft4A8mGTp3ZdnCt.xf9cEpRS3Hdm/Q7asGwqaL7tVu25RYS'),
(50, 'nuevo1@nuevo.test', '$2y$10$.M3WRPVGuPYNxsRKcac8ROCmz2UTIbpqyJsLqXfBAXVBaJxleIrvK'),
(51, 'nuevo2@nuevo.test', '$2y$10$JjzISQUqvHbB4aUf13zNIesOWHs1WeMJBHih8xih77CduX7CZPKg.'),
(52, 'nuevo4@nuevo.test', '$2y$10$jXCsJeSZ32BSjO8ZrRs2d.hn1cEJONgXET3WCmnWttmtsqC.N0V7q'),
(53, 'nuevo5@nuevo.test', '$2y$10$Tl0XVwwuRvhYj8c9ptKOru7cHgBUFt8ZFnCcu3zumslo/D.ETWsFK'),
(54, 'ayvend4@mozilla.com', '$2y$10$oNx56uiRK0Eedz5tpKumiuWd2DseW351ynycMCucZ6oJYpuVYycLa'),
(55, 'rbartolindib@netlcog.com', '$2y$10$ydzeZffbhsAl3bCTvoN2d.crI3TDOFWCuKKD1cJ90ICAB.5i2ews.'),
(56, 'rbartolinib@netlog.comssss', '$2y$10$a/GFQDxMYAJf/KtH6m9kDe6coyHM0IskwCETKaJ1tRu5WjOFU9tLa'),
(57, 'rbartolinib@netlog.zzzxcom', '$2y$10$iklxMDZ4douyGSnRj9NwHuRULDAhwuh.1qAneo3UCqQIMsKL.Dc56'),
(58, 'rbartolinib@netlog.zzzxcomkk', '$2y$10$FKDSJJzTGWWZRtkB9J.S3.LH80PSEwcoR3fZlfc/7.Ad1YrpgikU6'),
(59, 'rbartolinib@netlog.zzzxcomkkk', '$2y$10$Le.hViHzLJ2tI77BLxsbVezqWGGsWpC.paWGB3tlm2t1Fv0QAWzOy'),
(60, 'rbartolinib@netlog.zzzxcomkkkj', '$2y$10$JYYyYy7H22UwHk5FCP2Vv.2KJNo3s3TlHUEvQ3PvRAcrlq5O8dSXe'),
(61, 'admin@test.comsddasdas', '$2y$10$pKrmXpTiKYHZG4R/6P519uy8kbcjJf8G05Hy7cA55uAJtkIlot2C.'),
(62, 'rbartolinib@netlog.comddfsd', '$2y$10$aTbU4tYtq1dEbGJsr/hnte5yt9Rqiv6LwfWM3nsC4J9pBpXZNcReq'),
(63, 'rbartolinib@netlog.com<zc<z', '$2y$10$kCrTy8D3n6ucgcAMfXjoUurObJ1tRnEKe8MH1Qy6khP6Kg4LuuEYu'),
(64, 'admin@test.comfsd', '$2y$10$37JJXsVgWQyzDRXCeOk22u91WmX0Vh9EaDosdtKhB505jPwlkxKM2'),
(65, 'admin@test.comewrwewef', '$2y$10$ouVb1Zpd6P5ooB8wKMdRWeR5aLgctP7taELFFY1lmHUlKviQE0DvS'),
(66, 'admin@test.comasfasdfas', '$2y$10$D2s5/emK3wFFeqdrh..rve.CqU/FBQbgtiIU8kjmqlqYs0hG0kipe'),
(67, 'rbartolinib@netlog.comsdfgsf', '$2y$10$05gnTlcb3cPVc277Nix3YOIAljxvqc6P1hpU5qUn9c42WVEv9Ffdq'),
(68, 'admin@test.comasdfa', '$2y$10$N9LwfcEVWzvIVYYQYFhS4uvWDEuzmHHhywEMioekuwvtSzDOkJ.v.'),
(69, 'rbartolinib@netlog.comasdfasdfa', '$2y$10$qLrPEsIEExQ70iswEfFfLeJmsAqWDoF88o4nUdi4usBYOgZ3M5qAO'),
(70, 'prueba@test5.com', '$2y$10$V7se0IMU5x8EBTjKiRrEruOuj927c0gM2LX3EsoDI/.V./n91Xzm.'),
(71, 'prueba@tesst5.com', '$2y$10$C2pDTc13c19D6Z./PL0k8u7i8TL/o6rOW6IlIQY1.6UBZFIOcUwym'),
(72, 'hdonettc@go1ogle.cn', '$2y$10$OqDagEaqq83tA40GXE1MOuHTRvQoFM7HPIzizybYAIBrV5AujmISG'),
(73, 'eleuterio@test.com', '$2y$10$K5Ybv70D7DlxonghQ2ccEuYP3MO7nYplhKj4Do3jj7RtkAUg6pzOW'),
(74, 'eleuteri1o@test.com', '$2y$10$ya3bGxiCwSD6ULggcuVX1eVrjKtTSjDoGSGyWrsbgQk395Ks8wd5S');

--
-- Volcado de datos para la tabla `sede`
--

INSERT INTO `sede` (`idSEDE`, `nombre`, `longitud`, `latitud`, `direccion`, `idEMPRESA`) VALUES
(1, 'San Fernando - Ajustadores', -6.20396, 36.4748, 'Calle Ajustadores', 2),
(2, 'San Fernando - Montigny', -6.20522, 36.4604, 'Calle de Montigny le Bretonneux', 1),
(3, 'Cádiz - Sorolla', -6.27254, 36.504, 'Calle Sorolla', 2),
(4, 'Cádiz - Sacramento', -6.29726, 36.5316, 'Calle Sacramento', 2),
(5, 'puente genil', -4.76095, 37.3889, 'Doctor Enrique Moreno', 2),
(6, 'cartagena', -1.06684, 37.6914, 'Calle Victoria', 3),
(7, 'Madrid', -3.6414, 40.3869, 'Avenida de Rafael Alberti', 3),
(8, 'Barcelona', 2.17071, 41.3747, 'Avinguda del Paral·lel', 3),
(9, 'Pamplona', -1.63512, 42.8104, 'Calle de González Tablas', 4),
(10, 'Valladolid', -4.86174, 41.5119, 'Villanueva de Duero', 4),
(11, 'Juan Carlos', -6.20632, 36.4597, '16 Montigny San Fernando', 1),
(12, 'Juan Carlosssds', -6.20632, 36.4597, '16 Montigny San Fernando', 1);


--
-- Volcado de datos para la tabla `empleado`
--

INSERT INTO `empleado` (`idEMPLEADO`, `nombre`, `apellidos`, `dni`, `idTURNO`, `idSEDE`, `idUSUARIO`) VALUES
(1, 'Juan Carlos', 'Peña Mera', '44034658P', 1, 1, 2),
(2, 'Rae', 'Firsby', '89358591I', 2, 1, 3),
(3, 'Tamma', 'Poolton', '03397961K', 3, 1, 4),
(6, 'Albertina', 'Yven', '06747093D', 1, 2, 7),
(7, 'My', 'Cuppleditch', '83616296G', 1, 2, 8),
(8, 'Letty', 'McLukie', '67952621Q', 2, 2, 9),
(13, 'Rockey', 'Bartolini', '71962051Y', 1, 4, 14),
(14, 'Haileefff', 'Donettfff', '08727054W', 2, 4, 15),
(15, 'Susan', 'Sciusscietto', '33520734L', 1, 4, 16),
(16, 'Kristoforo', 'Limming', '40149281I', 2, 5, 17),
(17, 'Leesa', 'Robyns', '62974613Y', 2, 5, 18),
(18, 'Olenka', 'Yeowell', '08449165S', 2, 5, 19),
(19, 'Celka', 'Klein', '99170892S', 1, 6, 20),
(20, 'Seamus', 'Bielby', '69187930G', 3, 6, 21),
(21, 'Sheffield', 'Wimpress', '16201118Z', 1, 6, 22),
(22, 'Debbi', 'Ubach', '18861213Z', 1, 6, 23),
(23, 'Perri', 'Glossup', '91151419A', 2, 7, 24),
(24, 'Perice', 'O\'Gaven', '71650777U', 3, 7, 25),
(25, 'Grenville', 'Pavese', '94429143M', 3, 7, 26),
(26, 'Nial', 'Mila', '38751273P', 3, 8, 27),
(27, 'Flor', 'Loudiane', '34638897R', 2, 8, 28),
(28, 'Port', 'Benns', '68400913O', 1, 8, 29),
(29, 'Waldon', 'Corradi', '65491606U', 3, 9, 30),
(30, 'Farly', 'Barrie', '18389014H', 1, 9, 31),
(31, 'Keefer', 'Cisec', '74387537T', 2, 9, 32),
(32, 'Doralia', 'Getcliffe', '97092491X', 1, 9, 33),
(33, 'Alfreda', 'Pepye', '90921537U', 1, 9, 34),
(34, 'Dale', 'Fried', '48102966M', 3, 9, 35),
(35, 'Gabriela', 'Rubinowitsch', '52956893Z', 2, 10, 36),
(36, 'Nester', 'Billie', '73234259P', 1, 10, 37),
(37, 'Mendy', 'Mowles', '23971469G', 1, 10, 38),
(38, 'Dill', 'Smead', '45898418S', 3, 10, 39),
(39, 'Eugenio', 'Order', '84756740M', 2, 3, 40),
(40, 'Case', 'McAuslene', '73428996Q', 1, 4, 41),
(41, 'Les', 'Klima', '95387412Z', 2, 5, 42),
(42, 'Demetris', 'Norheny', '58494795T', 2, 6, 43),
(43, 'Jermaine', 'Scard', '89795658P', 3, 7, 44),
(44, 'Lanette', 'Bradbeer', '42641974T', 1, 8, 45),
(45, 'Christina', 'Casse', '41742457E', 3, 9, 46),
(46, 'Stillmann', 'Di Franceshci', '63714453S', 2, 10, 47),
(47, 'pepe', 'prpr pepe', 'dni', 3, 3, 48),
(48, 'Rockey', 'Bartolini', '44034658P', 2, 3, 60),
(49, 'safasd', 'asdfasdfasfasd', '44034658P', 3, 6, 61),
(50, 'Rockey', 'Bartolini', '71962051Y', 3, 1, 62),
(51, 'Juan Carlos', 'Peña Mera', '71962051Y', 3, 8, 63),
(52, 'Juan Carlos', 'Bartolini', '71962051Y', 3, 6, 64),
(53, 'Rockey', 'Bartolini', '71962051Y', 3, 6, 65),
(54, 'Juan Carlos', 'Bartolini', '71962051Y', 3, 10, 67),
(55, 'afsdfs', 'asdfd', '71962051Y', 3, 9, 68),
(56, 'Juan Carlos', 'Bartolini', '71962051Y', 1, 10, 69);



--
-- Volcado de datos para la tabla `horario`
--

INSERT INTO `horario` (`idHORARIO`, `hora_entrada`, `hora_salida`, `idEMPLEADO`) VALUES
(1, '08:00:00', '15:00:00', 1),
(3, '08:00:00', '15:00:00', 6),
(4, '08:00:00', '15:00:00', 7),
(6, '08:00:00', '15:00:00', 13),
(7, '08:00:00', '15:00:00', 15),
(8, '08:00:00', '15:00:00', 19),
(9, '08:00:00', '15:00:00', 21),
(10, '08:00:00', '15:00:00', 22),
(11, '08:00:00', '15:00:00', 28),
(12, '08:00:00', '15:00:00', 30),
(13, '08:00:00', '15:00:00', 32),
(14, '08:00:00', '15:00:00', 33),
(15, '08:00:00', '15:00:00', 36),
(16, '08:00:00', '15:00:00', 37),
(17, '08:00:00', '15:00:00', 40),
(18, '08:00:00', '15:00:00', 44),
(19, '16:00:00', '22:00:00', 2),
(21, '16:00:00', '22:00:00', 8),
(25, '16:00:00', '22:00:00', 16),
(26, '16:00:00', '22:00:00', 17),
(27, '16:00:00', '22:00:00', 18),
(28, '16:00:00', '22:00:00', 23),
(29, '16:00:00', '22:00:00', 27),
(30, '16:00:00', '22:00:00', 31),
(31, '16:00:00', '22:00:00', 35),
(32, '16:00:00', '22:00:00', 39),
(33, '16:00:00', '22:00:00', 41),
(34, '16:00:00', '22:00:00', 42),
(35, '16:00:00', '22:00:00', 46),
(36, '09:00:00', '14:00:00', 3),
(38, '09:00:00', '14:00:00', 20),
(39, '09:00:00', '14:00:00', 24),
(40, '09:00:00', '14:00:00', 25),
(41, '09:00:00', '14:00:00', 26),
(42, '09:00:00', '14:00:00', 29),
(43, '09:00:00', '14:00:00', 34),
(44, '09:00:00', '14:00:00', 38),
(45, '09:00:00', '14:00:00', 43),
(46, '09:00:00', '14:00:00', 45),
(47, '17:00:00', '19:00:00', 3),
(49, '17:00:00', '19:00:00', 20),
(50, '17:00:00', '19:00:00', 24),
(51, '17:00:00', '19:00:00', 25),
(52, '17:00:00', '19:00:00', 26),
(53, '17:00:00', '19:00:00', 29),
(54, '17:00:00', '19:00:00', 34),
(55, '17:00:00', '19:00:00', 38),
(56, '17:00:00', '19:00:00', 43),
(57, '17:00:00', '19:00:00', 45),
(58, '09:00:00', '16:00:00', 15),
(60, '09:00:00', '12:00:00', 55),
(61, '00:00:00', '00:00:00', 56),
(66, '09:00:00', '14:00:00', 14);

--
-- Volcado de datos para la tabla `marcado`
--

INSERT INTO `marcado` (`fecha`, `idMarcado`, `hora_inicio`, `hora_final`, `longitud`, `latitud`, `idTIPO_MARCAJE`, `idEMPLEADO`) VALUES
('2020-03-16', 571, '08:00:00', '15:00:00', -6.20395565032959, 36.47483062744141, 1, 1),
('2020-03-16', 572, '08:00:00', '15:00:00', -6.20522117614746, 36.46040725708008, 1, 6),
('2020-03-16', 574, '08:00:00', '15:00:00', -6.27254247665405, 36.50397491455078, 1, 7),
('2020-03-16', 575, '08:00:00', '15:00:00', -6.27254247665405, 36.50397491455078, 1, 15),
('2020-03-16', 576, '08:00:00', '15:00:00', -6.27254247665405, 36.50397491455078, 1, 28),
('2020-03-16', 577, '08:00:00', '15:00:00', -6.27254247665405, 36.50397491455078, 1, 32),
('2020-03-16', 578, '08:00:00', '15:00:00', -6.29725646972656, 36.53158569335938, 1, 21),
('2020-03-16', 579, '08:00:00', '15:00:00', -1.06683826446533, 37.69135665893555, 1, 13),
('2020-03-16', 580, '08:00:00', '15:00:00', -3.64139795303345, 40.38685226440430, 1, 30),
('2020-03-16', 581, '08:00:00', '15:00:00', -3.64139795303345, 40.38685226440430, 1, 37),
('2020-03-16', 582, '08:00:00', '15:00:00', -3.64139795303345, 40.38685226440430, 1, 44),
('2020-03-16', 583, '08:00:00', '15:00:00', 2.17070627212524, 41.37467193603516, 1, 33),
('2020-03-16', 584, '08:00:00', '15:00:00', 2.17070627212524, 41.37467193603516, 1, 36),
('2020-03-16', 585, '08:00:00', '15:00:00', 2.17070627212524, 41.37467193603516, 1, 40),
('2020-03-16', 587, '08:00:00', '15:00:00', -1.63511741161346, 43.81043243408203, 1, 19),
('2020-03-16', 588, '08:00:00', '15:00:00', -1.63511741161346, 44.81043243408203, 1, 22),
('2020-03-16', 589, '16:00:00', '22:00:00', -6.20395565032959, 36.47483062744141, 1, 23),
('2020-03-16', 590, '16:00:00', '22:00:00', -6.20395565032959, 36.47483062744141, 1, 31),
('2020-03-16', 591, '16:00:00', '22:00:00', -4.86174440383911, 41.51192474365234, 1, 16),
('2020-03-16', 592, '16:00:00', '22:00:00', -4.86174440383911, 41.51192474365234, 1, 18),
('2020-03-16', 593, '16:00:00', '22:00:00', -4.86174440383911, 41.51192474365234, 1, 35),
('2020-03-16', 597, '16:00:00', '22:00:00', -6.27254247665405, 36.50397491455078, 1, 41),
('2020-03-16', 598, '16:00:00', '22:00:00', -4.76094722747803, 37.38886642456055, 1, 2),
('2020-03-16', 599, '16:00:00', '22:00:00', -4.76094722747803, 37.38886642456055, 1, 27),
('2020-03-16', 600, '16:00:00', '22:00:00', -1.06683826446533, 37.69135665893555, 1, 39),
('2020-03-16', 601, '16:00:00', '22:00:00', 2.17070627212524, 41.37467193603516, 1, 8),
('2020-03-16', 603, '16:00:00', '22:00:00', 2.17070627212524, 41.37467193603516, 1, 17),
('2020-03-16', 604, '16:00:00', '22:00:00', 2.17070627212524, 41.37467193603516, 1, 42),
('2020-03-16', 605, '16:00:00', '22:00:00', -4.76094722747803, 37.38886642456055, 1, 46),
('2020-03-16', 606, '09:00:00', '14:00:00', -6.20395565032959, 36.47483062744141, 1, 38),
('2020-03-16', 607, '09:00:00', '14:00:00', -6.20395565032959, 36.47483062744141, 1, 43),
('2020-03-16', 608, '09:00:00', '14:00:00', -6.20395565032959, 36.47483062744141, 1, 45),
('2020-03-16', 609, '09:00:00', '14:00:00', -6.20522117614746, 36.46040725708008, 1, 24),
('2020-03-16', 610, '09:00:00', '14:00:00', -6.20522117614746, 36.46040725708008, 1, 29),
('2020-03-16', 611, '09:00:00', '14:00:00', -6.29725646972656, 36.53158569335938, 1, 25),
('2020-03-16', 612, '09:00:00', '14:00:00', -4.76094722747803, 37.38886642456055, 1, 3),
('2020-03-16', 613, '09:00:00', '14:00:00', -4.76094722747803, 37.38886642456055, 1, 26),
('2020-03-16', 614, '09:00:00', '14:00:00', -1.06683826446533, 37.69135665893555, 1, 34),
('2020-03-16', 615, '09:00:00', '14:00:00', -3.64139795303345, 40.38685226440430, 1, 20),
('2020-03-16', 616, '09:00:00', '14:00:00', 2.17070627212524, 41.37467193603516, 1, 14),
('2020-03-16', 617, '17:00:00', '19:00:00', -6.20395565032959, 36.47483062744141, 1, 38),
('2020-03-16', 618, '17:00:00', '19:00:00', -6.20395565032959, 36.47483062744141, 1, 43),
('2020-03-16', 619, '17:00:00', '19:00:00', -6.20395565032959, 36.47483062744141, 1, 45),
('2020-03-16', 620, '17:00:00', '19:00:00', -6.20522117614746, 36.46040725708008, 1, 24),
('2020-03-16', 621, '17:00:00', '19:00:00', -6.20522117614746, 36.46040725708008, 1, 29),
('2020-03-16', 622, '17:00:00', '19:00:00', -6.29725646972656, 36.53158569335938, 1, 25),
('2020-03-16', 623, '17:00:00', '19:00:00', -4.76094722747803, 37.38886642456055, 1, 3),
('2020-03-16', 624, '17:00:00', '19:00:00', -4.76094722747803, 37.38886642456055, 1, 26),
('2020-03-16', 625, '17:00:00', '19:00:00', -1.06683826446533, 37.69135665893555, 1, 34),
('2020-03-16', 626, '17:00:00', '19:00:00', -3.64139795303345, 40.38685226440430, 1, 20),
('2020-03-16', 627, '17:00:00', '19:00:00', 2.17070627212524, 41.37467193603516, 1, 14),
('2020-03-16', 628, '10:00:00', '10:05:00', -6.20395565032959, 36.47483062744141, 3, 1),
('2020-03-16', 629, '10:00:00', '10:05:00', -6.20522117614746, 36.46040725708008, 3, 6),
('2020-03-16', 631, '10:00:00', '10:05:00', -6.27254247665405, 36.50397491455078, 3, 7),
('2020-03-16', 632, '10:00:00', '10:05:00', -6.27254247665405, 36.50397491455078, 3, 15),
('2020-03-16', 633, '10:00:00', '10:05:00', -6.27254247665405, 36.50397491455078, 3, 28),
('2020-03-16', 634, '10:00:00', '10:05:00', -6.27254247665405, 36.50397491455078, 3, 32),
('2020-03-16', 635, '10:00:00', '10:05:00', -6.29725646972656, 36.53158569335938, 3, 21),
('2020-03-16', 636, '10:00:00', '10:05:00', -1.06683826446533, 37.69135665893555, 3, 13),
('2020-03-16', 637, '10:00:00', '10:05:00', -3.64139795303345, 40.38685226440430, 3, 30),
('2020-03-16', 638, '10:00:00', '10:05:00', -3.64139795303345, 40.38685226440430, 3, 37),
('2020-03-16', 639, '10:00:00', '10:05:00', -3.64139795303345, 40.38685226440430, 3, 44),
('2020-03-16', 640, '10:00:00', '10:05:00', 2.17070627212524, 41.37467193603516, 3, 33),
('2020-03-16', 641, '10:00:00', '10:05:00', 2.17070627212524, 41.37467193603516, 3, 36),
('2020-03-16', 642, '10:00:00', '10:05:00', 2.17070627212524, 41.37467193603516, 3, 40),
('2020-03-16', 644, '10:00:00', '10:05:00', -1.63511741161346, 43.81043243408203, 3, 19),
('2020-03-16', 645, '10:00:00', '10:05:00', -1.63511741161346, 44.81043243408203, 3, 22),
('2020-03-16', 646, '20:00:00', '20:05:00', -6.20395565032959, 36.47483062744141, 3, 23),
('2020-03-16', 647, '20:00:00', '20:05:00', -6.20395565032959, 36.47483062744141, 3, 31),
('2020-03-16', 648, '20:00:00', '20:05:00', -4.86174440383911, 41.51192474365234, 3, 16),
('2020-03-16', 649, '20:00:00', '20:05:00', -4.86174440383911, 41.51192474365234, 3, 18),
('2020-03-16', 650, '20:00:00', '20:05:00', -4.86174440383911, 41.51192474365234, 3, 35),
('2020-03-16', 654, '20:00:00', '20:05:00', -6.27254247665405, 36.50397491455078, 3, 41),
('2020-03-16', 655, '20:00:00', '20:05:00', -4.76094722747803, 37.38886642456055, 3, 2),
('2020-03-16', 656, '20:00:00', '20:05:00', -4.76094722747803, 37.38886642456055, 3, 27),
('2020-03-16', 657, '20:00:00', '20:05:00', -1.06683826446533, 37.69135665893555, 3, 39),
('2020-03-16', 658, '20:00:00', '20:05:00', 2.17070627212524, 41.37467193603516, 3, 8),
('2020-03-16', 660, '20:00:00', '20:05:00', 2.17070627212524, 41.37467193603516, 3, 17),
('2020-03-16', 661, '20:00:00', '20:05:00', 2.17070627212524, 41.37467193603516, 3, 42),
('2020-03-16', 662, '20:00:00', '20:05:00', -4.76094722747803, 37.38886642456055, 3, 46),
('2020-03-16', 663, '12:00:00', '12:05:00', -6.20395565032959, 36.47483062744141, 3, 38),
('2020-03-16', 664, '12:00:00', '12:05:00', -6.20395565032959, 36.47483062744141, 3, 43),
('2020-03-16', 665, '12:00:00', '12:05:00', -6.20395565032959, 36.47483062744141, 3, 45),
('2020-03-16', 666, '12:00:00', '12:05:00', -6.20522117614746, 36.46040725708008, 3, 24),
('2020-03-16', 667, '12:00:00', '12:05:00', -6.20522117614746, 36.46040725708008, 3, 29),
('2020-03-16', 668, '12:00:00', '12:05:00', -6.29725646972656, 36.53158569335938, 3, 25),
('2020-03-16', 669, '12:00:00', '12:05:00', -4.76094722747803, 37.38886642456055, 3, 3),
('2020-03-16', 670, '12:00:00', '12:05:00', -4.76094722747803, 37.38886642456055, 3, 26),
('2020-03-16', 671, '12:00:00', '12:05:00', -1.06683826446533, 37.69135665893555, 3, 34),
('2020-03-16', 672, '12:00:00', '12:05:00', -3.64139795303345, 40.38685226440430, 3, 20),
('2020-03-16', 673, '12:00:00', '12:05:00', 2.17070627212524, 41.37467193603516, 3, 14),
('2020-03-16', 674, '18:00:00', '18:05:00', -6.20395565032959, 36.47483062744141, 3, 38),
('2020-03-16', 675, '18:00:00', '18:05:00', -6.20395565032959, 36.47483062744141, 3, 43),
('2020-03-16', 676, '18:00:00', '18:05:00', -6.20395565032959, 36.47483062744141, 3, 45),
('2020-03-16', 677, '18:00:00', '18:05:00', -6.20522117614746, 36.46040725708008, 3, 24),
('2020-03-16', 678, '18:00:00', '18:05:00', -6.20522117614746, 36.46040725708008, 3, 29),
('2020-03-16', 679, '18:00:00', '18:05:00', -6.29725646972656, 36.53158569335938, 3, 25),
('2020-03-16', 680, '18:00:00', '18:05:00', -4.76094722747803, 37.38886642456055, 3, 3),
('2020-03-16', 681, '18:00:00', '18:05:00', -4.76094722747803, 37.38886642456055, 3, 26),
('2020-03-16', 682, '18:00:00', '18:05:00', -1.06683826446533, 37.69135665893555, 3, 34),
('2020-03-16', 683, '18:00:00', '18:05:00', -3.64139795303345, 40.38685226440430, 3, 20),
('2020-03-16', 684, '18:00:00', '18:05:00', 2.17070627212524, 41.37467193603516, 3, 14),
('2020-03-17', 685, '08:00:00', '15:00:00', -6.20395565032959, 36.47483062744141, 1, 1),
('2020-03-17', 686, '08:00:00', '15:00:00', -6.20522117614746, 36.46040725708008, 1, 6),
('2020-03-17', 688, '08:00:00', '15:00:00', -6.27254247665405, 36.50397491455078, 1, 7),
('2020-03-17', 689, '08:00:00', '15:00:00', -6.27254247665405, 36.50397491455078, 1, 15),
('2020-03-17', 690, '08:00:00', '15:00:00', -6.27254247665405, 36.50397491455078, 1, 28),
('2020-03-17', 691, '08:00:00', '15:00:00', -6.27254247665405, 36.50397491455078, 1, 32),
('2020-03-17', 692, '08:00:00', '15:00:00', -6.29725646972656, 36.53158569335938, 1, 21),
('2020-03-17', 693, '08:00:00', '15:00:00', -1.06683826446533, 37.69135665893555, 1, 13),
('2020-03-17', 694, '08:00:00', '15:00:00', -3.64139795303345, 40.38685226440430, 1, 30),
('2020-03-17', 695, '08:00:00', '15:00:00', -3.64139795303345, 40.38685226440430, 1, 37),
('2020-03-17', 696, '08:00:00', '15:00:00', -3.64139795303345, 40.38685226440430, 1, 44),
('2020-03-17', 697, '08:00:00', '15:00:00', 2.17070627212524, 41.37467193603516, 1, 33),
('2020-03-17', 698, '08:00:00', '15:00:00', 2.17070627212524, 41.37467193603516, 1, 36),
('2020-03-17', 699, '08:00:00', '15:00:00', 2.17070627212524, 41.37467193603516, 1, 40),
('2020-03-17', 701, '08:00:00', '15:00:00', -1.63511741161346, 43.81043243408203, 1, 19),
('2020-03-17', 702, '08:00:00', '15:00:00', -1.63511741161346, 44.81043243408203, 1, 22),
('2020-03-17', 703, '16:00:00', '22:00:00', -6.20395565032959, 36.47483062744141, 1, 23),
('2020-03-17', 704, '16:00:00', '22:00:00', -6.20395565032959, 36.47483062744141, 1, 31),
('2020-03-17', 705, '16:00:00', '22:00:00', -4.86174440383911, 41.51192474365234, 1, 16),
('2020-03-17', 706, '16:00:00', '22:00:00', -4.86174440383911, 41.51192474365234, 1, 18),
('2020-03-17', 707, '16:00:00', '22:00:00', -4.86174440383911, 41.51192474365234, 1, 35),
('2020-03-17', 711, '16:00:00', '22:00:00', -6.27254247665405, 36.50397491455078, 1, 41),
('2020-03-17', 712, '16:00:00', '22:00:00', -4.76094722747803, 37.38886642456055, 1, 2),
('2020-03-17', 713, '16:00:00', '22:00:00', -4.76094722747803, 37.38886642456055, 1, 27),
('2020-03-17', 714, '16:00:00', '22:00:00', -1.06683826446533, 37.69135665893555, 1, 39),
('2020-03-17', 715, '16:00:00', '22:00:00', 2.17070627212524, 41.37467193603516, 1, 8),
('2020-03-17', 717, '16:00:00', '22:00:00', 2.17070627212524, 41.37467193603516, 1, 17),
('2020-03-17', 718, '16:00:00', '22:00:00', 2.17070627212524, 41.37467193603516, 1, 42),
('2020-03-17', 719, '16:00:00', '22:00:00', -4.76094722747803, 37.38886642456055, 1, 46),
('2020-03-17', 720, '09:00:00', '14:00:00', -6.20395565032959, 36.47483062744141, 1, 38),
('2020-03-17', 721, '09:00:00', '14:00:00', -6.20395565032959, 36.47483062744141, 1, 43),
('2020-03-17', 722, '09:00:00', '14:00:00', -6.20395565032959, 36.47483062744141, 1, 45),
('2020-03-17', 723, '09:00:00', '14:00:00', -6.20522117614746, 36.46040725708008, 1, 24),
('2020-03-17', 724, '09:00:00', '14:00:00', -6.20522117614746, 36.46040725708008, 1, 29),
('2020-03-17', 725, '09:00:00', '14:00:00', -6.29725646972656, 36.53158569335938, 1, 25),
('2020-03-17', 726, '09:00:00', '14:00:00', -4.76094722747803, 37.38886642456055, 1, 3),
('2020-03-17', 727, '09:00:00', '14:00:00', -4.76094722747803, 37.38886642456055, 1, 26),
('2020-03-17', 728, '09:00:00', '14:00:00', -1.06683826446533, 37.69135665893555, 1, 34),
('2020-03-17', 729, '09:00:00', '14:00:00', -3.64139795303345, 40.38685226440430, 1, 20),
('2020-03-17', 730, '09:00:00', '14:00:00', 2.17070627212524, 41.37467193603516, 1, 14),
('2020-03-17', 731, '17:00:00', '19:00:00', -6.20395565032959, 36.47483062744141, 1, 38),
('2020-03-17', 732, '17:00:00', '19:00:00', -6.20395565032959, 36.47483062744141, 1, 43),
('2020-03-17', 733, '17:00:00', '19:00:00', -6.20395565032959, 36.47483062744141, 1, 45),
('2020-03-17', 734, '17:00:00', '19:00:00', -6.20522117614746, 36.46040725708008, 1, 24),
('2020-03-17', 735, '17:00:00', '19:00:00', -6.20522117614746, 36.46040725708008, 1, 29),
('2020-03-17', 736, '17:00:00', '19:00:00', -6.29725646972656, 36.53158569335938, 1, 25),
('2020-03-17', 737, '17:00:00', '19:00:00', -4.76094722747803, 37.38886642456055, 1, 3),
('2020-03-17', 738, '17:00:00', '19:00:00', -4.76094722747803, 37.38886642456055, 1, 26),
('2020-03-17', 739, '17:00:00', '19:00:00', -1.06683826446533, 37.69135665893555, 1, 34),
('2020-03-17', 740, '17:00:00', '19:00:00', -3.64139795303345, 40.38685226440430, 1, 20),
('2020-03-17', 741, '17:00:00', '19:00:00', 2.17070627212524, 41.37467193603516, 1, 14),
('2020-03-17', 742, '10:00:00', '10:05:00', -6.20395565032959, 36.47483062744141, 3, 1),
('2020-03-17', 743, '10:00:00', '10:05:00', -6.20522117614746, 36.46040725708008, 3, 6),
('2020-03-17', 745, '10:00:00', '10:05:00', -6.27254247665405, 36.50397491455078, 3, 7),
('2020-03-17', 746, '10:00:00', '10:05:00', -6.27254247665405, 36.50397491455078, 3, 15),
('2020-03-17', 747, '10:00:00', '10:05:00', -6.27254247665405, 36.50397491455078, 3, 28),
('2020-03-17', 748, '10:00:00', '10:05:00', -6.27254247665405, 36.50397491455078, 3, 32),
('2020-03-17', 749, '10:00:00', '10:05:00', -6.29725646972656, 36.53158569335938, 3, 21),
('2020-03-17', 750, '10:00:00', '10:05:00', -1.06683826446533, 37.69135665893555, 3, 13),
('2020-03-17', 751, '10:00:00', '10:05:00', -3.64139795303345, 40.38685226440430, 3, 30),
('2020-03-17', 752, '10:00:00', '10:05:00', -3.64139795303345, 40.38685226440430, 3, 37),
('2020-03-17', 753, '10:00:00', '10:05:00', -3.64139795303345, 40.38685226440430, 3, 44),
('2020-03-17', 754, '10:00:00', '10:05:00', 2.17070627212524, 41.37467193603516, 3, 33),
('2020-03-17', 755, '10:00:00', '10:05:00', 2.17070627212524, 41.37467193603516, 3, 36),
('2020-03-17', 756, '10:00:00', '10:05:00', 2.17070627212524, 41.37467193603516, 3, 40),
('2020-03-17', 758, '10:00:00', '10:05:00', -1.63511741161346, 43.81043243408203, 3, 19),
('2020-03-17', 759, '10:00:00', '10:05:00', -1.63511741161346, 44.81043243408203, 3, 22),
('2020-03-17', 760, '20:00:00', '20:05:00', -6.20395565032959, 36.47483062744141, 3, 23),
('2020-03-17', 761, '20:00:00', '20:05:00', -6.20395565032959, 36.47483062744141, 3, 31),
('2020-03-17', 762, '20:00:00', '20:05:00', -4.86174440383911, 41.51192474365234, 3, 16),
('2020-03-17', 763, '20:00:00', '20:05:00', -4.86174440383911, 41.51192474365234, 3, 18),
('2020-03-17', 764, '20:00:00', '20:05:00', -4.86174440383911, 41.51192474365234, 3, 35),
('2020-03-17', 768, '20:00:00', '20:05:00', -6.27254247665405, 36.50397491455078, 3, 41),
('2020-03-17', 769, '20:00:00', '20:05:00', -4.76094722747803, 37.38886642456055, 3, 2),
('2020-03-17', 770, '20:00:00', '20:05:00', -4.76094722747803, 37.38886642456055, 3, 27),
('2020-03-17', 771, '20:00:00', '20:05:00', -1.06683826446533, 37.69135665893555, 3, 39),
('2020-03-17', 772, '20:00:00', '20:05:00', 2.17070627212524, 41.37467193603516, 3, 8),
('2020-03-17', 774, '20:00:00', '20:05:00', 2.17070627212524, 41.37467193603516, 3, 17),
('2020-03-17', 775, '20:00:00', '20:05:00', 2.17070627212524, 41.37467193603516, 3, 42),
('2020-03-17', 776, '20:00:00', '20:05:00', -4.76094722747803, 37.38886642456055, 3, 46),
('2020-03-17', 777, '12:00:00', '12:05:00', -6.20395565032959, 36.47483062744141, 3, 38),
('2020-03-17', 778, '12:00:00', '12:05:00', -6.20395565032959, 36.47483062744141, 3, 43),
('2020-03-17', 779, '12:00:00', '12:05:00', -6.20395565032959, 36.47483062744141, 3, 45),
('2020-03-17', 780, '12:00:00', '12:05:00', -6.20522117614746, 36.46040725708008, 3, 24),
('2020-03-17', 781, '12:00:00', '12:05:00', -6.20522117614746, 36.46040725708008, 3, 29),
('2020-03-17', 782, '12:00:00', '12:05:00', -6.29725646972656, 36.53158569335938, 3, 25),
('2020-03-17', 783, '12:00:00', '12:05:00', -4.76094722747803, 37.38886642456055, 3, 3),
('2020-03-17', 784, '12:00:00', '12:05:00', -4.76094722747803, 37.38886642456055, 3, 26),
('2020-03-17', 785, '12:00:00', '12:05:00', -1.06683826446533, 37.69135665893555, 3, 34),
('2020-03-17', 786, '12:00:00', '12:05:00', -3.64139795303345, 40.38685226440430, 3, 20),
('2020-03-17', 787, '12:00:00', '12:05:00', 2.17070627212524, 41.37467193603516, 3, 14),
('2020-03-17', 788, '18:00:00', '18:05:00', -6.20395565032959, 36.47483062744141, 3, 38),
('2020-03-17', 789, '18:00:00', '18:05:00', -6.20395565032959, 36.47483062744141, 3, 43),
('2020-03-17', 790, '18:00:00', '18:05:00', -6.20395565032959, 36.47483062744141, 3, 45),
('2020-03-17', 791, '18:00:00', '18:05:00', -6.20522117614746, 36.46040725708008, 3, 24),
('2020-03-17', 792, '18:00:00', '18:05:00', -6.20522117614746, 36.46040725708008, 3, 29),
('2020-03-17', 793, '18:00:00', '18:05:00', -6.29725646972656, 36.53158569335938, 3, 25),
('2020-03-17', 794, '18:00:00', '18:05:00', -4.76094722747803, 37.38886642456055, 3, 3),
('2020-03-17', 795, '18:00:00', '18:05:00', -4.76094722747803, 37.38886642456055, 3, 26),
('2020-03-17', 796, '18:00:00', '18:05:00', -1.06683826446533, 37.69135665893555, 3, 34),
('2020-03-17', 797, '18:00:00', '18:05:00', -3.64139795303345, 40.38685226440430, 3, 20),
('2020-03-17', 798, '18:00:00', '18:05:00', 2.17070627212524, 41.37467193603516, 3, 14),
('2020-03-18', 799, '08:00:00', '15:00:00', -6.20395565032959, 36.47483062744141, 1, 1),
('2020-03-18', 800, '08:00:00', '15:00:00', -6.20522117614746, 36.46040725708008, 1, 6),
('2020-03-18', 802, '08:00:00', '15:00:00', -6.27254247665405, 36.50397491455078, 1, 7),
('2020-03-18', 803, '08:00:00', '15:00:00', -6.27254247665405, 36.50397491455078, 1, 15),
('2020-03-18', 804, '08:00:00', '15:00:00', -6.27254247665405, 36.50397491455078, 1, 28),
('2020-03-18', 805, '08:00:00', '15:00:00', -6.27254247665405, 36.50397491455078, 1, 32),
('2020-03-18', 806, '08:00:00', '15:00:00', -6.29725646972656, 36.53158569335938, 1, 21),
('2020-03-18', 807, '08:00:00', '15:00:00', -1.06683826446533, 37.69135665893555, 1, 13),
('2020-03-18', 808, '08:00:00', '15:00:00', -3.64139795303345, 40.38685226440430, 1, 30),
('2020-03-18', 809, '08:00:00', '15:00:00', -3.64139795303345, 40.38685226440430, 1, 37),
('2020-03-18', 810, '08:00:00', '15:00:00', -3.64139795303345, 40.38685226440430, 1, 44),
('2020-03-18', 811, '08:00:00', '15:00:00', 2.17070627212524, 41.37467193603516, 1, 33),
('2020-03-18', 812, '08:00:00', '15:00:00', 2.17070627212524, 41.37467193603516, 1, 36),
('2020-03-18', 813, '08:00:00', '15:00:00', 2.17070627212524, 41.37467193603516, 1, 40),
('2020-03-18', 815, '08:00:00', '15:00:00', -1.63511741161346, 43.81043243408203, 1, 19),
('2020-03-18', 816, '08:00:00', '15:00:00', -1.63511741161346, 44.81043243408203, 1, 22),
('2020-03-18', 817, '16:00:00', '22:00:00', -6.20395565032959, 36.47483062744141, 1, 23),
('2020-03-18', 818, '16:00:00', '22:00:00', -6.20395565032959, 36.47483062744141, 1, 31),
('2020-03-18', 819, '16:00:00', '22:00:00', -4.86174440383911, 41.51192474365234, 1, 16),
('2020-03-18', 820, '16:00:00', '22:00:00', -4.86174440383911, 41.51192474365234, 1, 18),
('2020-03-18', 821, '16:00:00', '22:00:00', -4.86174440383911, 41.51192474365234, 1, 35),
('2020-03-18', 825, '16:00:00', '22:00:00', -6.27254247665405, 36.50397491455078, 1, 41),
('2020-03-18', 826, '16:00:00', '22:00:00', -4.76094722747803, 37.38886642456055, 1, 2),
('2020-03-18', 827, '16:00:00', '22:00:00', -4.76094722747803, 37.38886642456055, 1, 27),
('2020-03-18', 828, '16:00:00', '22:00:00', -1.06683826446533, 37.69135665893555, 1, 39),
('2020-03-18', 829, '16:00:00', '22:00:00', 2.17070627212524, 41.37467193603516, 1, 8),
('2020-03-18', 831, '16:00:00', '22:00:00', 2.17070627212524, 41.37467193603516, 1, 17),
('2020-03-18', 832, '16:00:00', '22:00:00', 2.17070627212524, 41.37467193603516, 1, 42),
('2020-03-18', 833, '16:00:00', '22:00:00', -4.76094722747803, 37.38886642456055, 1, 46),
('2020-03-18', 834, '09:00:00', '14:00:00', -6.20395565032959, 36.47483062744141, 1, 38),
('2020-03-18', 835, '09:00:00', '14:00:00', -6.20395565032959, 36.47483062744141, 1, 43),
('2020-03-18', 836, '09:00:00', '14:00:00', -6.20395565032959, 36.47483062744141, 1, 45),
('2020-03-18', 837, '09:00:00', '14:00:00', -6.20522117614746, 36.46040725708008, 1, 24),
('2020-03-18', 838, '09:00:00', '14:00:00', -6.20522117614746, 36.46040725708008, 1, 29),
('2020-03-18', 839, '09:00:00', '14:00:00', -6.29725646972656, 36.53158569335938, 1, 25),
('2020-03-18', 840, '09:00:00', '14:00:00', -4.76094722747803, 37.38886642456055, 1, 3),
('2020-03-18', 841, '09:00:00', '14:00:00', -4.76094722747803, 37.38886642456055, 1, 26),
('2020-03-18', 842, '09:00:00', '14:00:00', -1.06683826446533, 37.69135665893555, 1, 34),
('2020-03-18', 843, '09:00:00', '14:00:00', -3.64139795303345, 40.38685226440430, 1, 20),
('2020-03-18', 844, '09:00:00', '14:00:00', 2.17070627212524, 41.37467193603516, 1, 14),
('2020-03-18', 845, '17:00:00', '19:00:00', -6.20395565032959, 36.47483062744141, 1, 38),
('2020-03-18', 846, '17:00:00', '19:00:00', -6.20395565032959, 36.47483062744141, 1, 43),
('2020-03-18', 847, '17:00:00', '19:00:00', -6.20395565032959, 36.47483062744141, 1, 45),
('2020-03-18', 848, '17:00:00', '19:00:00', -6.20522117614746, 36.46040725708008, 1, 24),
('2020-03-18', 849, '17:00:00', '19:00:00', -6.20522117614746, 36.46040725708008, 1, 29),
('2020-03-18', 850, '17:00:00', '19:00:00', -6.29725646972656, 36.53158569335938, 1, 25),
('2020-03-18', 851, '17:00:00', '19:00:00', -4.76094722747803, 37.38886642456055, 1, 3),
('2020-03-18', 852, '17:00:00', '19:00:00', -4.76094722747803, 37.38886642456055, 1, 26),
('2020-03-18', 853, '17:00:00', '19:00:00', -1.06683826446533, 37.69135665893555, 1, 34),
('2020-03-18', 854, '17:00:00', '19:00:00', -3.64139795303345, 40.38685226440430, 1, 20),
('2020-03-18', 855, '17:00:00', '19:00:00', 2.17070627212524, 41.37467193603516, 1, 14),
('2020-03-18', 856, '10:00:00', '10:05:00', -6.20395565032959, 36.47483062744141, 3, 1),
('2020-03-18', 857, '10:00:00', '10:05:00', -6.20522117614746, 36.46040725708008, 3, 6),
('2020-03-18', 859, '10:00:00', '10:05:00', -6.27254247665405, 36.50397491455078, 3, 7),
('2020-03-18', 860, '10:00:00', '10:05:00', -6.27254247665405, 36.50397491455078, 3, 15),
('2020-03-18', 861, '10:00:00', '10:05:00', -6.27254247665405, 36.50397491455078, 3, 28),
('2020-03-18', 862, '10:00:00', '10:05:00', -6.27254247665405, 36.50397491455078, 3, 32),
('2020-03-18', 863, '10:00:00', '10:05:00', -6.29725646972656, 36.53158569335938, 3, 21),
('2020-03-18', 864, '10:00:00', '10:05:00', -1.06683826446533, 37.69135665893555, 3, 13),
('2020-03-18', 865, '10:00:00', '10:05:00', -3.64139795303345, 40.38685226440430, 3, 30),
('2020-03-18', 866, '10:00:00', '10:05:00', -3.64139795303345, 40.38685226440430, 3, 37),
('2020-03-18', 867, '10:00:00', '10:05:00', -3.64139795303345, 40.38685226440430, 3, 44),
('2020-03-18', 868, '10:00:00', '10:05:00', 2.17070627212524, 41.37467193603516, 3, 33),
('2020-03-18', 869, '10:00:00', '10:05:00', 2.17070627212524, 41.37467193603516, 3, 36),
('2020-03-18', 870, '10:00:00', '10:05:00', 2.17070627212524, 41.37467193603516, 3, 40),
('2020-03-18', 872, '10:00:00', '10:05:00', -1.63511741161346, 43.81043243408203, 3, 19),
('2020-03-18', 873, '10:00:00', '10:05:00', -1.63511741161346, 44.81043243408203, 3, 22),
('2020-03-18', 874, '20:00:00', '20:05:00', -6.20395565032959, 36.47483062744141, 3, 23),
('2020-03-18', 875, '20:00:00', '20:05:00', -6.20395565032959, 36.47483062744141, 3, 31),
('2020-03-18', 876, '20:00:00', '20:05:00', -4.86174440383911, 41.51192474365234, 3, 16),
('2020-03-18', 877, '20:00:00', '20:05:00', -4.86174440383911, 41.51192474365234, 3, 18),
('2020-03-18', 878, '20:00:00', '20:05:00', -4.86174440383911, 41.51192474365234, 3, 35),
('2020-03-18', 882, '20:00:00', '20:05:00', -6.27254247665405, 36.50397491455078, 3, 41),
('2020-03-18', 883, '20:00:00', '20:05:00', -4.76094722747803, 37.38886642456055, 3, 2),
('2020-03-18', 884, '20:00:00', '20:05:00', -4.76094722747803, 37.38886642456055, 3, 27),
('2020-03-18', 885, '20:00:00', '20:05:00', -1.06683826446533, 37.69135665893555, 3, 39),
('2020-03-18', 886, '20:00:00', '20:05:00', 2.17070627212524, 41.37467193603516, 3, 8),
('2020-03-18', 888, '20:00:00', '20:05:00', 2.17070627212524, 41.37467193603516, 3, 17),
('2020-03-18', 889, '20:00:00', '20:05:00', 2.17070627212524, 41.37467193603516, 3, 42),
('2020-03-18', 890, '20:00:00', '20:05:00', -4.76094722747803, 37.38886642456055, 3, 46),
('2020-03-18', 891, '12:00:00', '12:05:00', -6.20395565032959, 36.47483062744141, 3, 38),
('2020-03-18', 892, '12:00:00', '12:05:00', -6.20395565032959, 36.47483062744141, 3, 43),
('2020-03-18', 893, '12:00:00', '12:05:00', -6.20395565032959, 36.47483062744141, 3, 45),
('2020-03-18', 894, '12:00:00', '12:05:00', -6.20522117614746, 36.46040725708008, 3, 24),
('2020-03-18', 895, '12:00:00', '12:05:00', -6.20522117614746, 36.46040725708008, 3, 29),
('2020-03-18', 896, '12:00:00', '12:05:00', -6.29725646972656, 36.53158569335938, 3, 25),
('2020-03-18', 897, '12:00:00', '12:05:00', -4.76094722747803, 37.38886642456055, 3, 3),
('2020-03-18', 898, '12:00:00', '12:05:00', -4.76094722747803, 37.38886642456055, 3, 26),
('2020-03-18', 899, '12:00:00', '12:05:00', -1.06683826446533, 37.69135665893555, 3, 34),
('2020-03-18', 900, '12:00:00', '12:05:00', -3.64139795303345, 40.38685226440430, 3, 20),
('2020-03-18', 901, '12:00:00', '12:05:00', 2.17070627212524, 41.37467193603516, 3, 14),
('2020-03-18', 902, '18:00:00', '18:05:00', -6.20395565032959, 36.47483062744141, 3, 38),
('2020-03-18', 903, '18:00:00', '18:05:00', -6.20395565032959, 36.47483062744141, 3, 43),
('2020-03-18', 904, '18:00:00', '18:05:00', -6.20395565032959, 36.47483062744141, 3, 45),
('2020-03-18', 905, '18:00:00', '18:05:00', -6.20522117614746, 36.46040725708008, 3, 24),
('2020-03-18', 906, '18:00:00', '18:05:00', -6.20522117614746, 36.46040725708008, 3, 29),
('2020-03-18', 907, '18:00:00', '18:05:00', -6.29725646972656, 36.53158569335938, 3, 25),
('2020-03-18', 908, '18:00:00', '18:05:00', -4.76094722747803, 37.38886642456055, 3, 3),
('2020-03-18', 909, '18:00:00', '18:05:00', -4.76094722747803, 37.38886642456055, 3, 26),
('2020-03-18', 910, '18:00:00', '18:05:00', -1.06683826446533, 37.69135665893555, 3, 34),
('2020-03-18', 911, '18:00:00', '18:05:00', -3.64139795303345, 40.38685226440430, 3, 20),
('2020-03-18', 912, '18:00:00', '18:05:00', 2.17070627212524, 41.37467193603516, 3, 14),
('2020-03-19', 913, '08:00:00', '15:00:00', -6.20395565032959, 36.47483062744141, 1, 1),
('2020-03-19', 914, '08:00:00', '15:00:00', -6.20522117614746, 36.46040725708008, 1, 6),
('2020-03-19', 916, '08:00:00', '15:00:00', -6.27254247665405, 36.50397491455078, 1, 7),
('2020-03-19', 917, '08:00:00', '15:00:00', -6.27254247665405, 36.50397491455078, 1, 15),
('2020-03-19', 918, '08:00:00', '15:00:00', -6.27254247665405, 36.50397491455078, 1, 28),
('2020-03-19', 919, '08:00:00', '15:00:00', -6.27254247665405, 36.50397491455078, 1, 32),
('2020-03-19', 920, '08:00:00', '15:00:00', -6.29725646972656, 36.53158569335938, 1, 21),
('2020-03-19', 921, '08:00:00', '15:00:00', -1.06683826446533, 37.69135665893555, 1, 13),
('2020-03-19', 922, '08:00:00', '15:00:00', -3.64139795303345, 40.38685226440430, 1, 30),
('2020-03-19', 923, '08:00:00', '15:00:00', -3.64139795303345, 40.38685226440430, 1, 37),
('2020-03-19', 924, '08:00:00', '15:00:00', -3.64139795303345, 40.38685226440430, 1, 44),
('2020-03-19', 925, '08:00:00', '15:00:00', 2.17070627212524, 41.37467193603516, 1, 33),
('2020-03-19', 926, '08:00:00', '15:00:00', 2.17070627212524, 41.37467193603516, 1, 36),
('2020-03-19', 927, '08:00:00', '15:00:00', 2.17070627212524, 41.37467193603516, 1, 40),
('2020-03-19', 929, '08:00:00', '15:00:00', -1.63511741161346, 43.81043243408203, 1, 19),
('2020-03-19', 930, '08:00:00', '15:00:00', -1.63511741161346, 44.81043243408203, 1, 22),
('2020-03-19', 931, '16:00:00', '22:00:00', -6.20395565032959, 36.47483062744141, 1, 23),
('2020-03-19', 932, '16:00:00', '22:00:00', -6.20395565032959, 36.47483062744141, 1, 31),
('2020-03-19', 933, '16:00:00', '22:00:00', -4.86174440383911, 41.51192474365234, 1, 16),
('2020-03-19', 934, '16:00:00', '22:00:00', -4.86174440383911, 41.51192474365234, 1, 18),
('2020-03-19', 935, '16:00:00', '22:00:00', -4.86174440383911, 41.51192474365234, 1, 35),
('2020-03-19', 939, '16:00:00', '22:00:00', -6.27254247665405, 36.50397491455078, 1, 41),
('2020-03-19', 940, '16:00:00', '22:00:00', -4.76094722747803, 37.38886642456055, 1, 2),
('2020-03-19', 941, '16:00:00', '22:00:00', -4.76094722747803, 37.38886642456055, 1, 27),
('2020-03-19', 942, '16:00:00', '22:00:00', -1.06683826446533, 37.69135665893555, 1, 39),
('2020-03-19', 943, '16:00:00', '22:00:00', 2.17070627212524, 41.37467193603516, 1, 8),
('2020-03-19', 945, '16:00:00', '22:00:00', 2.17070627212524, 41.37467193603516, 1, 17),
('2020-03-19', 946, '16:00:00', '22:00:00', 2.17070627212524, 41.37467193603516, 1, 42),
('2020-03-19', 947, '16:00:00', '22:00:00', -4.76094722747803, 37.38886642456055, 1, 46),
('2020-03-19', 948, '09:00:00', '14:00:00', -6.20395565032959, 36.47483062744141, 1, 38),
('2020-03-19', 949, '09:00:00', '14:00:00', -6.20395565032959, 36.47483062744141, 1, 43),
('2020-03-19', 950, '09:00:00', '14:00:00', -6.20395565032959, 36.47483062744141, 1, 45),
('2020-03-19', 951, '09:00:00', '14:00:00', -6.20522117614746, 36.46040725708008, 1, 24),
('2020-03-19', 952, '09:00:00', '14:00:00', -6.20522117614746, 36.46040725708008, 1, 29),
('2020-03-19', 953, '09:00:00', '14:00:00', -6.29725646972656, 36.53158569335938, 1, 25),
('2020-03-19', 954, '09:00:00', '14:00:00', -4.76094722747803, 37.38886642456055, 1, 3),
('2020-03-19', 955, '09:00:00', '14:00:00', -4.76094722747803, 37.38886642456055, 1, 26),
('2020-03-19', 956, '09:00:00', '14:00:00', -1.06683826446533, 37.69135665893555, 1, 34),
('2020-03-19', 957, '09:00:00', '14:00:00', -3.64139795303345, 40.38685226440430, 1, 20),
('2020-03-19', 958, '09:00:00', '14:00:00', 2.17070627212524, 41.37467193603516, 1, 14),
('2020-03-19', 959, '17:00:00', '19:00:00', -6.20395565032959, 36.47483062744141, 1, 38),
('2020-03-19', 960, '17:00:00', '19:00:00', -6.20395565032959, 36.47483062744141, 1, 43),
('2020-03-19', 961, '17:00:00', '19:00:00', -6.20395565032959, 36.47483062744141, 1, 45),
('2020-03-19', 962, '17:00:00', '19:00:00', -6.20522117614746, 36.46040725708008, 1, 24),
('2020-03-19', 963, '17:00:00', '19:00:00', -6.20522117614746, 36.46040725708008, 1, 29),
('2020-03-19', 964, '17:00:00', '19:00:00', -6.29725646972656, 36.53158569335938, 1, 25),
('2020-03-19', 965, '17:00:00', '19:00:00', -4.76094722747803, 37.38886642456055, 1, 3),
('2020-03-19', 966, '17:00:00', '19:00:00', -4.76094722747803, 37.38886642456055, 1, 26),
('2020-03-19', 967, '17:00:00', '19:00:00', -1.06683826446533, 37.69135665893555, 1, 34),
('2020-03-19', 968, '17:00:00', '19:00:00', -3.64139795303345, 40.38685226440430, 1, 20),
('2020-03-19', 969, '17:00:00', '19:00:00', 2.17070627212524, 41.37467193603516, 1, 14),
('2020-03-19', 970, '10:00:00', '10:05:00', -6.20395565032959, 36.47483062744141, 3, 1),
('2020-03-19', 971, '10:00:00', '10:05:00', -6.20522117614746, 36.46040725708008, 3, 6),
('2020-03-19', 973, '10:00:00', '10:05:00', -6.27254247665405, 36.50397491455078, 3, 7),
('2020-03-19', 974, '10:00:00', '10:05:00', -6.27254247665405, 36.50397491455078, 3, 15),
('2020-03-19', 975, '10:00:00', '10:05:00', -6.27254247665405, 36.50397491455078, 3, 28),
('2020-03-19', 976, '10:00:00', '10:05:00', -6.27254247665405, 36.50397491455078, 3, 32),
('2020-03-19', 977, '10:00:00', '10:05:00', -6.29725646972656, 36.53158569335938, 3, 21),
('2020-03-19', 978, '10:00:00', '10:05:00', -1.06683826446533, 37.69135665893555, 3, 13),
('2020-03-19', 979, '10:00:00', '10:05:00', -3.64139795303345, 40.38685226440430, 3, 30),
('2020-03-19', 980, '10:00:00', '10:05:00', -3.64139795303345, 40.38685226440430, 3, 37),
('2020-03-19', 981, '10:00:00', '10:05:00', -3.64139795303345, 40.38685226440430, 3, 44),
('2020-03-19', 982, '10:00:00', '10:05:00', 2.17070627212524, 41.37467193603516, 3, 33),
('2020-03-19', 983, '10:00:00', '10:05:00', 2.17070627212524, 41.37467193603516, 3, 36),
('2020-03-19', 984, '10:00:00', '10:05:00', 2.17070627212524, 41.37467193603516, 3, 40),
('2020-03-19', 986, '10:00:00', '10:05:00', -1.63511741161346, 43.81043243408203, 3, 19),
('2020-03-19', 987, '10:00:00', '10:05:00', -1.63511741161346, 44.81043243408203, 3, 22),
('2020-03-19', 988, '20:00:00', '20:05:00', -6.20395565032959, 36.47483062744141, 3, 23),
('2020-03-19', 989, '20:00:00', '20:05:00', -6.20395565032959, 36.47483062744141, 3, 31),
('2020-03-19', 990, '20:00:00', '20:05:00', -4.86174440383911, 41.51192474365234, 3, 16),
('2020-03-19', 991, '20:00:00', '20:05:00', -4.86174440383911, 41.51192474365234, 3, 18),
('2020-03-19', 992, '20:00:00', '20:05:00', -4.86174440383911, 41.51192474365234, 3, 35),
('2020-03-19', 996, '20:00:00', '20:05:00', -6.27254247665405, 36.50397491455078, 3, 41),
('2020-03-19', 997, '20:00:00', '20:05:00', -4.76094722747803, 37.38886642456055, 3, 2),
('2020-03-19', 998, '20:00:00', '20:05:00', -4.76094722747803, 37.38886642456055, 3, 27),
('2020-03-19', 999, '20:00:00', '20:05:00', -1.06683826446533, 37.69135665893555, 3, 39),
('2020-03-19', 1000, '20:00:00', '20:05:00', 2.17070627212524, 41.37467193603516, 3, 8),
('2020-03-19', 1002, '20:00:00', '20:05:00', 2.17070627212524, 41.37467193603516, 3, 17),
('2020-03-19', 1003, '20:00:00', '20:05:00', 2.17070627212524, 41.37467193603516, 3, 42),
('2020-03-19', 1004, '20:00:00', '20:05:00', -4.76094722747803, 37.38886642456055, 3, 46),
('2020-03-19', 1005, '12:00:00', '12:05:00', -6.20395565032959, 36.47483062744141, 3, 38),
('2020-03-19', 1006, '12:00:00', '12:05:00', -6.20395565032959, 36.47483062744141, 3, 43),
('2020-03-19', 1007, '12:00:00', '12:05:00', -6.20395565032959, 36.47483062744141, 3, 45),
('2020-03-19', 1008, '12:00:00', '12:05:00', -6.20522117614746, 36.46040725708008, 3, 24),
('2020-03-19', 1009, '12:00:00', '12:05:00', -6.20522117614746, 36.46040725708008, 3, 29),
('2020-03-19', 1010, '12:00:00', '12:05:00', -6.29725646972656, 36.53158569335938, 3, 25),
('2020-03-19', 1011, '12:00:00', '12:05:00', -4.76094722747803, 37.38886642456055, 3, 3),
('2020-03-19', 1012, '12:00:00', '12:05:00', -4.76094722747803, 37.38886642456055, 3, 26),
('2020-03-19', 1013, '12:00:00', '12:05:00', -1.06683826446533, 37.69135665893555, 3, 34),
('2020-03-19', 1014, '12:00:00', '12:05:00', -3.64139795303345, 40.38685226440430, 3, 20),
('2020-03-19', 1015, '12:00:00', '12:05:00', 2.17070627212524, 41.37467193603516, 3, 14),
('2020-03-19', 1016, '18:00:00', '18:05:00', -6.20395565032959, 36.47483062744141, 3, 38),
('2020-03-19', 1017, '18:00:00', '18:05:00', -6.20395565032959, 36.47483062744141, 3, 43),
('2020-03-19', 1018, '18:00:00', '18:05:00', -6.20395565032959, 36.47483062744141, 3, 45),
('2020-03-19', 1019, '18:00:00', '18:05:00', -6.20522117614746, 36.46040725708008, 3, 24),
('2020-03-19', 1020, '18:00:00', '18:05:00', -6.20522117614746, 36.46040725708008, 3, 29),
('2020-03-19', 1021, '18:00:00', '18:05:00', -6.29725646972656, 36.53158569335938, 3, 25),
('2020-03-19', 1022, '18:00:00', '18:05:00', -4.76094722747803, 37.38886642456055, 3, 3),
('2020-03-19', 1023, '18:00:00', '18:05:00', -4.76094722747803, 37.38886642456055, 3, 26),
('2020-03-19', 1024, '18:00:00', '18:05:00', -1.06683826446533, 37.69135665893555, 3, 34),
('2020-03-19', 1025, '18:00:00', '18:05:00', -3.64139795303345, 40.38685226440430, 3, 20),
('2020-03-19', 1026, '18:00:00', '18:05:00', 2.17070627212524, 41.37467193603516, 3, 14),
('2020-03-20', 1027, '08:00:00', '15:00:00', -6.20395565032959, 36.47483062744141, 1, 1),
('2020-03-20', 1028, '08:00:00', '15:00:00', -6.20522117614746, 36.46040725708008, 1, 6),
('2020-03-20', 1030, '08:00:00', '15:00:00', -6.27254247665405, 36.50397491455078, 1, 7),
('2020-03-20', 1031, '08:00:00', '15:00:00', -6.27254247665405, 36.50397491455078, 1, 15),
('2020-03-20', 1032, '08:00:00', '15:00:00', -6.27254247665405, 36.50397491455078, 1, 28),
('2020-03-20', 1033, '08:00:00', '15:00:00', -6.27254247665405, 36.50397491455078, 1, 32),
('2020-03-20', 1034, '08:00:00', '15:00:00', -6.29725646972656, 36.53158569335938, 1, 21),
('2020-03-20', 1035, '08:00:00', '15:00:00', -1.06683826446533, 37.69135665893555, 1, 13),
('2020-03-20', 1036, '08:00:00', '15:00:00', -3.64139795303345, 40.38685226440430, 1, 30),
('2020-03-20', 1037, '08:00:00', '15:00:00', -3.64139795303345, 40.38685226440430, 1, 37),
('2020-03-20', 1038, '08:00:00', '15:00:00', -3.64139795303345, 40.38685226440430, 1, 44),
('2020-03-20', 1039, '08:00:00', '15:10:00', 2.17070627212524, 41.37467193603516, 1, 33),
('2020-03-20', 1040, '08:00:00', '15:00:00', 2.17070627212524, 41.37467193603516, 1, 36),
('2020-03-20', 1041, '08:00:00', '15:00:00', 2.17070627212524, 41.37467193603516, 1, 40),
('2020-03-20', 1043, '08:00:00', '15:00:00', -1.63511741161346, 43.81043243408203, 1, 19),
('2020-03-20', 1044, '08:00:00', '15:00:00', -1.63511741161346, 44.81043243408203, 1, 22),
('2020-03-20', 1045, '16:00:00', '22:00:00', -6.20395565032959, 36.47483062744141, 1, 23),
('2020-03-20', 1046, '16:00:00', '22:00:00', -6.20395565032959, 36.47483062744141, 1, 31),
('2020-03-20', 1047, '16:00:00', '22:00:00', -4.86174440383911, 41.51192474365234, 1, 16),
('2020-03-20', 1048, '16:00:00', '22:00:00', -4.86174440383911, 41.51192474365234, 1, 18),
('2020-03-20', 1049, '16:00:00', '22:00:00', -4.86174440383911, 41.51192474365234, 1, 35),
('2020-03-20', 1053, '16:00:00', '22:00:00', -6.27254247665405, 36.50397491455078, 1, 41),
('2020-03-20', 1054, '16:00:00', '22:00:00', -4.76094722747803, 37.38886642456055, 1, 2),
('2020-03-20', 1055, '16:00:00', '22:00:00', -4.76094722747803, 37.38886642456055, 1, 27),
('2020-03-20', 1056, '16:00:00', '22:00:00', -1.06683826446533, 37.69135665893555, 1, 39),
('2020-03-20', 1057, '16:00:00', '22:00:00', 2.17070627212524, 41.37467193603516, 1, 8),
('2020-03-20', 1059, '16:00:00', '22:00:00', 2.17070627212524, 41.37467193603516, 1, 17),
('2020-03-20', 1060, '16:00:00', '22:00:00', 2.17070627212524, 41.37467193603516, 1, 42),
('2020-03-20', 1061, '16:00:00', '22:00:00', -4.76094722747803, 37.38886642456055, 1, 46),
('2020-03-20', 1062, '09:00:00', '14:00:00', -6.20395565032959, 36.47483062744141, 1, 38),
('2020-03-20', 1063, '09:00:00', '14:00:00', -6.20395565032959, 36.47483062744141, 1, 43),
('2020-03-20', 1064, '09:10:00', '14:00:00', -6.20395565032959, 36.47483062744141, 1, 45),
('2020-03-20', 1065, '09:00:00', '14:00:00', -6.20522117614746, 36.46040725708008, 1, 24),
('2020-03-20', 1066, '09:00:00', '14:00:00', -6.20522117614746, 36.46040725708008, 1, 29),
('2020-03-20', 1067, '09:00:00', '14:00:00', -6.29725646972656, 36.53158569335938, 1, 25),
('2020-03-20', 1068, '09:00:00', '14:00:00', -4.76094722747803, 37.38886642456055, 1, 3),
('2020-03-20', 1069, '09:00:00', '14:00:00', -4.76094722747803, 37.38886642456055, 1, 26),
('2020-03-20', 1070, '09:00:00', '14:00:00', -1.06683826446533, 37.69135665893555, 1, 34),
('2020-03-20', 1071, '09:00:00', '14:00:00', -3.64139795303345, 40.38685226440430, 1, 20),
('2020-03-20', 1072, '09:00:00', '14:00:00', 2.17070627212524, 41.37467193603516, 1, 14),
('2020-03-20', 1073, '17:00:00', '19:00:00', -6.20395565032959, 36.47483062744141, 1, 38),
('2020-03-20', 1074, '17:00:00', '19:00:00', -6.20395565032959, 36.47483062744141, 1, 43),
('2020-03-20', 1075, '17:00:00', '19:00:00', -6.20395565032959, 36.47483062744141, 1, 45),
('2020-03-20', 1076, '17:00:00', '19:00:00', -6.20522117614746, 36.46040725708008, 1, 24),
('2020-03-20', 1077, '17:00:00', '19:00:00', -6.20522117614746, 36.46040725708008, 1, 29),
('2020-03-20', 1078, '17:00:00', '19:00:00', -6.29725646972656, 36.53158569335938, 1, 25),
('2020-03-20', 1079, '17:00:00', '19:00:00', -4.76094722747803, 37.38886642456055, 1, 3),
('2020-03-20', 1080, '17:00:00', '19:00:00', -4.76094722747803, 37.38886642456055, 1, 26),
('2020-03-20', 1081, '17:00:00', '19:00:00', -1.06683826446533, 37.69135665893555, 1, 34),
('2020-03-20', 1082, '17:00:00', '19:00:00', -3.64139795303345, 40.38685226440430, 1, 20),
('2020-03-20', 1083, '17:00:00', '19:00:00', 2.17070627212524, 41.37467193603516, 1, 14),
('2020-03-20', 1084, '10:00:00', '10:05:00', -6.20395565032959, 36.47483062744141, 3, 1),
('2020-03-20', 1085, '10:00:00', '10:05:00', -6.20522117614746, 36.46040725708008, 3, 6),
('2020-03-20', 1087, '10:00:00', '10:05:00', -6.27254247665405, 36.50397491455078, 3, 7),
('2020-03-20', 1088, '10:00:00', '10:05:00', -6.27254247665405, 36.50397491455078, 3, 15),
('2020-03-20', 1089, '10:00:00', '10:05:00', -6.27254247665405, 36.50397491455078, 3, 28),
('2020-03-20', 1090, '10:00:00', '10:05:00', -6.27254247665405, 36.50397491455078, 3, 32),
('2020-03-20', 1091, '10:00:00', '10:05:00', -6.29725646972656, 36.53158569335938, 3, 21),
('2020-03-20', 1092, '10:00:00', '10:05:00', -1.06683826446533, 37.69135665893555, 3, 13),
('2020-03-20', 1093, '10:00:00', '10:05:00', -3.64139795303345, 40.38685226440430, 3, 30),
('2020-03-20', 1094, '10:00:00', '10:05:00', -3.64139795303345, 40.38685226440430, 3, 37),
('2020-03-20', 1095, '10:00:00', '10:05:00', -3.64139795303345, 40.38685226440430, 3, 44),
('2020-03-20', 1096, '10:00:00', '10:05:00', 2.17070627212524, 41.37467193603516, 3, 33),
('2020-03-20', 1097, '10:00:00', '10:05:00', 2.17070627212524, 41.37467193603516, 3, 36),
('2020-03-20', 1098, '10:00:00', '10:05:00', 2.17070627212524, 41.37467193603516, 3, 40),
('2020-03-20', 1100, '10:00:00', '10:05:00', -1.63511741161346, 43.81043243408203, 3, 19),
('2020-03-20', 1101, '10:00:00', '10:05:00', -1.63511741161346, 44.81043243408203, 3, 22),
('2020-03-20', 1102, '20:00:00', '20:05:00', -6.20395565032959, 36.47483062744141, 3, 23),
('2020-03-20', 1103, '20:00:00', '20:05:00', -6.20395565032959, 36.47483062744141, 3, 31),
('2020-03-20', 1104, '20:00:00', '20:05:00', -4.86174440383911, 41.51192474365234, 3, 16),
('2020-03-20', 1105, '20:00:00', '20:05:00', -4.86174440383911, 41.51192474365234, 3, 18),
('2020-03-20', 1106, '20:00:00', '20:05:00', -4.86174440383911, 41.51192474365234, 3, 35),
('2020-03-20', 1110, '20:00:00', '20:05:00', -6.27254247665405, 36.50397491455078, 3, 41),
('2020-03-20', 1111, '20:00:00', '20:05:00', -4.76094722747803, 37.38886642456055, 3, 2),
('2020-03-20', 1112, '20:00:00', '20:05:00', -4.76094722747803, 37.38886642456055, 3, 27),
('2020-03-20', 1113, '20:00:00', '20:05:00', -1.06683826446533, 37.69135665893555, 3, 39),
('2020-03-20', 1114, '20:00:00', '20:05:00', 2.17070627212524, 41.37467193603516, 3, 8),
('2020-03-20', 1116, '20:00:00', '20:05:00', 2.17070627212524, 41.37467193603516, 3, 17),
('2020-03-20', 1117, '20:00:00', '20:05:00', 2.17070627212524, 41.37467193603516, 3, 42),
('2020-03-20', 1118, '20:00:00', '20:05:00', -4.76094722747803, 37.38886642456055, 3, 46),
('2020-03-20', 1119, '12:00:00', '12:05:00', -6.20395565032959, 36.47483062744141, 3, 38),
('2020-03-20', 1120, '12:00:00', '12:05:00', -6.20395565032959, 36.47483062744141, 3, 43),
('2020-03-20', 1121, '12:00:00', '12:05:00', -6.20395565032959, 36.47483062744141, 3, 45),
('2020-03-20', 1122, '12:00:00', '12:05:00', -6.20522117614746, 36.46040725708008, 3, 24),
('2020-03-20', 1123, '12:00:00', '12:05:00', -6.20522117614746, 36.46040725708008, 3, 29),
('2020-03-20', 1124, '12:00:00', '12:05:00', -6.29725646972656, 36.53158569335938, 3, 25),
('2020-03-20', 1125, '12:00:00', '12:05:00', -4.76094722747803, 37.38886642456055, 3, 3),
('2020-03-20', 1126, '12:00:00', '12:05:00', -4.76094722747803, 37.38886642456055, 3, 26),
('2020-03-20', 1127, '12:00:00', '12:05:00', -1.06683826446533, 37.69135665893555, 3, 34),
('2020-03-20', 1128, '12:00:00', '12:05:00', -3.64139795303345, 40.38685226440430, 3, 20),
('2020-03-20', 1129, '12:00:00', '12:05:00', 2.17070627212524, 41.37467193603516, 3, 14),
('2020-03-20', 1130, '18:00:00', '18:05:00', -6.20395565032959, 36.47483062744141, 3, 38),
('2020-03-20', 1131, '18:00:00', '18:10:00', -6.20395565032959, 36.47483062744141, 3, 43),
('2020-03-20', 1132, '18:00:00', '18:05:00', -6.20395565032959, 36.47483062744141, 3, 45),
('2020-03-20', 1133, '18:00:00', '18:05:00', -6.20522117614746, 36.46040725708008, 3, 24),
('2020-03-20', 1134, '18:00:00', '18:05:00', -6.20522117614746, 36.46040725708008, 3, 29),
('2020-03-20', 1135, '18:00:00', '18:05:00', -6.29725646972656, 36.53158569335938, 3, 25),
('2020-03-20', 1136, '18:00:00', '18:05:00', -4.76094722747803, 37.38886642456055, 3, 3),
('2020-03-20', 1137, '18:00:00', '18:05:00', -4.76094722747803, 37.38886642456055, 3, 26),
('2020-03-20', 1138, '18:00:00', '18:05:00', -1.06683826446533, 37.69135665893555, 3, 34),
('2020-03-20', 1139, '18:00:00', '18:10:00', -3.64139795303345, 40.38685226440430, 3, 20),
('2020-03-20', 1140, '18:00:00', '18:05:00', 2.17070627212524, 41.37467193603516, 3, 14),
('2020-04-25', 1149, '23:11:00', '23:38:00', 0.00000000000000, 0.00000000000000, 1, 1),
('2020-04-25', 1150, '23:11:00', '23:23:00', 0.00000000000000, 0.00000000000000, 3, 1),
('2020-04-25', 1151, '23:32:00', '23:33:00', 0.00000000000000, 0.00000000000000, 3, 1),
('2020-04-25', 1152, '23:33:00', '23:34:00', 0.00000000000000, 0.00000000000000, 3, 1);

--
-- Volcado de datos para la tabla `notificacion`
--

INSERT INTO `notificacion` (`idNOTIFICACION`, `fecha`, `texto_notificacion`, `texto_respuesta`, `leida`, `idEMPLEADO`, `loginEmisor`) VALUES
(2, '2020-06-20', 'Excedido tiempo de pausa', 'ss', 1, 20, '0'),
(3, '2020-03-27', 'Exceso en pausa', '', 0, 43, '0'),
(4, '2020-03-27', 'Retraso en la entrada', '', 0, 45, '0'),
(5, '2020-03-27', 'Exceso de jornada', '', 0, 33, '0'),
(6, '2020-03-26', 'texto prueba', 'respuesta prueba', 1, 40, '0'),
(7, '2020-04-28', 'Fecha: 2020-03-20\nHora Inicio: 10:00:00\nHora Fin: 10:05:00\nTipo: PAUSA', '.', 0, 1, ''),
(8, '2020-04-28', 'Fecha: 2020-03-20\nHora Inicio: 08:00:00\nHora Fin: 15:00:00\nTipo: EntradaSalida', '.', 0, 1, 'jcpena@test.com'),
(10, '2020-04-28', 'Fecha: 2020-03-20\nHora Inicio: 10:00:00\nHora Fin: 10:05:00\nTipo: PAUSA', '.', 0, 6, 'jcpena@test.com');





--
-- Volcado de datos para la tabla `usuario_empresa`
--

INSERT INTO `usuario_empresa` (`idUSUARIO`, `idEmpresa`) VALUES
(1, 1),
(1, 2),
(1, 3),
(1, 4),
(2, 1),
(7, 1),
(8, 1),
(9, 1),
(11, 2),
(14, 2),
(15, 2),
(16, 2),
(17, 2),
(18, 2),
(19, 2),
(20, 2),
(21, 2),
(22, 2),
(23, 3),
(24, 3),
(25, 3),
(26, 3),
(27, 3),
(28, 3),
(29, 3),
(30, 3),
(31, 3),
(32, 3),
(33, 3),
(34, 3),
(35, 3),
(36, 4),
(37, 4),
(38, 4),
(39, 4),
(40, 4),
(41, 4),
(42, 4),
(43, 4),
(44, 4),
(45, 4),
(46, 4),
(47, 4),
(49, 2),
(50, 2),
(52, 2),
(53, 2),
(55, 2),
(56, 3),
(58, 2),
(59, 2),
(60, 2),
(61, 3),
(62, 2),
(63, 3),
(64, 3),
(65, 3),
(66, 4),
(67, 4),
(68, 4),
(69, 1),
(69, 4),
(70, 1),
(71, 1),
(72, 2),
(73, 1),
(74, 1);

--
-- Volcado de datos para la tabla `usuario_rol`
--

INSERT INTO `usuario_rol` (`idUSUARIO`, `idROL`) VALUES
(1, 1),
(2, 2),
(2, 3),
(7, 2),
(8, 2),
(8, 3),
(9, 2),
(9, 3),
(11, 2),
(14, 2),
(15, 2),
(16, 2),
(17, 2),
(18, 2),
(19, 2),
(20, 2),
(21, 2),
(22, 2),
(23, 2),
(24, 2),
(25, 2),
(26, 2),
(27, 2),
(28, 2),
(29, 2),
(30, 2),
(31, 2),
(32, 2),
(33, 2),
(34, 2),
(35, 2),
(36, 2),
(37, 2),
(38, 2),
(39, 2),
(40, 2),
(41, 2),
(42, 2),
(43, 2),
(44, 2),
(45, 2),
(46, 2),
(47, 2),
(49, 1),
(49, 3),
(50, 2),
(50, 3),
(51, 1),
(51, 3),
(52, 3),
(53, 2),
(54, 2),
(54, 3),
(55, 2),
(55, 3),
(56, 1),
(56, 3),
(58, 3),
(59, 3),
(60, 3),
(61, 2),
(61, 3),
(62, 2),
(62, 3),
(63, 3),
(64, 3),
(65, 3),
(66, 2),
(66, 3),
(67, 2),
(67, 3),
(68, 2),
(68, 3),
(69, 1),
(69, 2),
(69, 3),
(70, 1),
(71, 1),
(72, 1),
(73, 1),
(74, 1);
COMMIT;

/*!40101 SET CHARACTER_SET_CLIENT=@OLD_CHARACTER_SET_CLIENT */;
/*!40101 SET CHARACTER_SET_RESULTS=@OLD_CHARACTER_SET_RESULTS */;
/*!40101 SET COLLATION_CONNECTION=@OLD_COLLATION_CONNECTION */;
